{
    "SpawnPoints": [
        { "x": -110.49005, "y": -1991.33044, "z": 17.62281 },
        { "x": -111.49005, "y": -1992.33044, "z": 17 }
    ]
}
